,feature,importance
0,marital_status,0.3631805262637209
1,capital_gain,0.3125872260650997
2,education_num,0.17747241548927375
3,capital_loss,0.07396391946148041
4,occupation,0.025184524311655736
5,age,0.021151202857741858
6,hours_per_week,0.0160024652893356
7,workclass,0.0032606158839479614
8,fnlwgt,0.0025151531001220556
9,native_country,0.001887334833669862
10,relationship,0.001419210240503113
11,race,0.0007238980018153309
12,education,0.0006515082016337978
13,sex,0.0
